{"mean":{"on_time_a":0.8858397603034973,"planned_layover_sec":312.71917724609375,"planned_dur_b":1929.86865234375,"avg_var_b":-231.30311584472656,"ampeak_a":0.22335632145404816,"pmpeak_a":0.24735815823078156},"std":{"on_time_a":0.3179132640361786,"planned_layover_sec":244.9761505126953,"planned_dur_b":732.2045288085938,"avg_var_b":168.6713104248047,"ampeak_a":0.4166790246963501,"pmpeak_a":0.4313912093639374}}