{"mean":{"on_time_a":0.8866176605224609,"planned_layover_sec":312.66217041015625,"planned_dur_a":1913.775634765625,"planned_dur_b":1928.6298828125,"ampeak_a":0.22260209918022156,"pmpeak_a":0.2463567852973938},"std":{"on_time_a":0.3169257640838623,"planned_layover_sec":245.1762237548828,"planned_dur_a":729.6226806640625,"planned_dur_b":731.1175537109375,"ampeak_a":0.4158574044704437,"pmpeak_a":0.4308541715145111}}