{"mean":{"on_time_a":0.8858397603034973,"planned_layover_sec":312.71917724609375,"p85_pct_b":0.9719851016998291,"planned_dur_b":1929.86865234375,"range7525_b":241.93844604492188,"ampeak_a":0.22335632145404816,"pmpeak_a":0.24735815823078156},"std":{"on_time_a":0.3179132640361786,"planned_layover_sec":244.9761505126953,"p85_pct_b":0.1250694990158081,"planned_dur_b":732.2045288085938,"range7525_b":141.03741455078125,"ampeak_a":0.4166790246963501,"pmpeak_a":0.4313912093639374}}