{"mean":{"planned_layover":65.14286041259766,"plannedduration":514.5039672851562,"p85_pct_b":30.300825119018555,"range7525_b":0.14011892676353455},"std":{"planned_layover":173.05233764648438,"plannedduration":929.7189331054688,"p85_pct_b":96.48600769042969,"range7525_b":0.34782132506370544}}