{"mean":{"planned_layover":159.71914672851562,"plannedduration":1466.04736328125,"p85_pct":0.7557374835014343,"range7525":193.12612915039062,"route_id":86.35296630859375,"direction_id":0.3992498815059662,"ampeak":0.19450490176677704,"pmpeak":0.19510237872600555,"prev_on_time_class":0.35760483145713806},"std":{"planned_layover":242.1200408935547,"plannedduration":1035.59716796875,"p85_pct":0.4283542335033417,"range7525":189.20033264160156,"route_id":146.8267059326172,"direction_id":0.48970967531204224,"ampeak":0.3957424759864807,"pmpeak":0.3963049352169037,"prev_on_time_class":0.47952207922935486}}