{"mean":{"on_time_a":0.8915223479270935,"planned_layover_sec":312.5561218261719,"planned_dur_a":1912.5758056640625,"planned_dur_b":1926.43896484375,"ampeak_a":0.21806572377681732,"pmpeak_a":0.25045979022979736},"std":{"on_time_a":0.31093794107437134,"planned_layover_sec":245.64083862304688,"planned_dur_a":732.282958984375,"planned_dur_b":733.9052124023438,"ampeak_a":0.4129025936126709,"pmpeak_a":0.43315452337265015}}