{"mean":{"on_time_a":0.8905831575393677,"planned_layover_sec":312.8541564941406,"ampeak_a":0.2163892388343811,"pmpeak_a":0.2512125074863434},"std":{"on_time_a":0.3122289776802063,"planned_layover_sec":245.5244598388672,"ampeak_a":0.4118519127368927,"pmpeak_a":0.4336757957935333}}